repo_id,repository,community,downloads,releases,assets,commits,open_issues,closed_issues,total_issues,open_prs,closed_prs,total_prs,readme_issues,readme_commits
0,rails/rails,5701.0,0.0,2.0,0.0,83217.0,355.0,15065.0,15420.0,246.0,28643.0,28889.0,0.0,50.0
1,jekyll/jekyll,1168.0,0.0,2.0,0.0,11464.0,88.0,4434.0,4522.0,93.0,4088.0,4181.0,2.0,72.0
2,discourse/discourse,994.0,0.0,2.0,0.0,44508.0,0.0,0.0,0.0,37.0,15632.0,15669.0,0.0,137.0
3,fastlane/fastlane,1497.0,0.0,2.0,0.0,16282.0,123.0,11837.0,11960.0,65.0,6840.0,6905.0,0.0,476.0
4,huginn/huginn,246.0,0.0,2.0,0.0,3428.0,521.0,1400.0,1921.0,83.0,1082.0,1165.0,2.0,98.0
5,Homebrew/brew,1078.0,0.0,2.0,0.0,30778.0,17.0,3426.0,3443.0,11.0,8803.0,8814.0,1.0,214.0
6,bayandin/awesome-awesomeness,251.0,0.0,2.0,0.0,572.0,12.0,49.0,61.0,6.0,386.0,392.0,0.0,426.0
7,freeCodeCamp/devdocs,184.0,0.0,2.0,0.0,4396.0,97.0,881.0,978.0,24.0,688.0,712.0,4.0,97.0
8,mastodon/mastodon,761.0,0.0,2.0,0.0,11297.0,2003.0,4474.0,6477.0,54.0,10895.0,10949.0,2.0,88.0
9,rapid7/metasploit-framework,1328.0,0.0,2.0,0.0,63533.0,482.0,4525.0,5007.0,31.0,10946.0,10977.0,1.0,23.0
10,hashicorp/vagrant,1235.0,0.0,2.0,0.0,14136.0,564.0,8505.0,9069.0,86.0,3468.0,3554.0,2.0,60.0
11,gitlabhq/gitlabhq,2909.0,0.0,2.0,0.0,107784.0,0.0,0.0,0.0,14.0,3555.0,3569.0,0.0,264.0
12,heartcombo/devise,694.0,0.0,2.0,0.0,3769.0,135.0,3951.0,4086.0,57.0,1282.0,1339.0,1.0,176.0
13,kilimchoi/engineering-blogs,383.0,0.0,2.0,0.0,1705.0,4.0,74.0,78.0,50.0,893.0,943.0,1.0,1182.0
14,Homebrew/homebrew-cask,9214.0,0.0,2.0,0.0,146299.0,23.0,5985.0,6008.0,33.0,114014.0,114047.0,0.0,157.0
15,ruby/ruby,585.0,0.0,2.0,0.0,71315.0,0.0,0.0,0.0,342.0,5217.0,5559.0,0.0,104.0
16,forem/forem,702.0,0.0,2.0,0.0,11108.0,387.0,4047.0,4434.0,30.0,11749.0,11779.0,1.0,148.0
17,CocoaPods/CocoaPods,401.0,0.0,2.0,0.0,9323.0,294.0,8760.0,9054.0,29.0,2024.0,2053.0,2.0,100.0
18,diaspora/diaspora,540.0,0.0,2.0,0.0,20528.0,420.0,4279.0,4699.0,26.0,3387.0,3413.0,0.0,151.0
19,twbs/bootstrap-sass,122.0,0.0,2.0,0.0,1039.0,15.0,816.0,831.0,3.0,346.0,349.0,19.0,217.0
20,elastic/logstash,573.0,0.0,2.0,0.0,10027.0,1783.0,4304.0,6087.0,180.0,7524.0,7704.0,7.0,118.0
21,gollum/gollum,217.0,0.0,2.0,0.0,2360.0,44.0,1093.0,1137.0,8.0,618.0,626.0,9.0,233.0
22,capistrano/capistrano,279.0,0.0,2.0,0.0,1681.0,51.0,1051.0,1102.0,3.0,857.0,860.0,3.0,139.0
23,rubocop/rubocop,907.0,0.0,2.0,0.0,11343.0,213.0,4335.0,4548.0,26.0,5735.0,5761.0,3.0,397.0
24,mame/quine-relay,18.0,0.0,2.0,0.0,458.0,14.0,65.0,79.0,0.0,40.0,40.0,3.0,187.0
25,spree/spree,1171.0,0.0,2.0,0.0,24595.0,174.0,3895.0,4069.0,69.0,7357.0,7426.0,0.0,290.0
26,lewagon/setup,63.0,0.0,2.0,0.0,993.0,5.0,113.0,118.0,1.0,245.0,246.0,0.0,58.0
27,sinatra/sinatra,505.0,0.0,2.0,0.0,4362.0,57.0,733.0,790.0,11.0,928.0,939.0,7.0,143.0
28,mperham/sidekiq,562.0,0.0,2.0,0.0,4166.0,21.0,3838.0,3859.0,3.0,1329.0,1332.0,4.0,92.0
29,chatwoot/chatwoot,172.0,0.0,2.0,0.0,1918.0,530.0,1400.0,1930.0,36.0,1920.0,1956.0,5.0,57.0
30,tmuxinator/tmuxinator,144.0,0.0,2.0,0.0,842.0,99.0,385.0,484.0,6.0,362.0,368.0,8.0,120.0
31,postalserver/postal,42.0,0.0,2.0,0.0,352.0,45.0,1330.0,1375.0,9.0,116.0,125.0,0.0,18.0
32,fluent/fluentd,266.0,0.0,2.0,0.0,6254.0,112.0,1726.0,1838.0,6.0,1777.0,1783.0,2.0,45.0
33,Homebrew/homebrew-core,12243.0,0.0,2.0,0.0,281563.0,24.0,4580.0,4604.0,87.0,91633.0,91720.0,1.0,22.0
34,jordansissel/fpm,331.0,0.0,2.0,0.0,2232.0,626.0,526.0,1152.0,76.0,642.0,718.0,0.0,12.0
35,faker-ruby/faker,886.0,0.0,2.0,0.0,2474.0,71.0,441.0,512.0,96.0,1839.0,1935.0,0.0,319.0
36,teamcapybara/capybara,384.0,0.0,2.0,0.0,4157.0,9.0,1467.0,1476.0,19.0,1033.0,1052.0,2.0,209.0
37,ruby-grape/grape,450.0,0.0,2.0,0.0,2530.0,199.0,867.0,1066.0,35.0,1144.0,1179.0,2.0,460.0
38,imathis/octopress,133.0,0.0,2.0,0.0,857.0,175.0,811.0,986.0,74.0,708.0,782.0,2.0,41.0
39,github/linguist,1069.0,19611.0,30.0,30.0,6371.0,65.0,2010.0,2075.0,41.0,3329.0,3370.0,5.0,127.0
40,Shopify/liquid,188.0,0.0,2.0,0.0,1499.0,197.0,535.0,732.0,58.0,728.0,786.0,0.0,27.0
41,activeadmin/activeadmin,768.0,0.0,2.0,0.0,7970.0,319.0,3352.0,3671.0,71.0,3615.0,3686.0,0.0,114.0
42,thoughtbot/paperclip,463.0,289.0,13.0,2.0,1973.0,34.0,1806.0,1840.0,16.0,826.0,842.0,10.0,203.0
43,thoughtbot/bourbon,153.0,3170.0,30.0,6.0,1210.0,5.0,558.0,563.0,1.0,542.0,543.0,2.0,60.0
44,resque/resque,289.0,0.0,2.0,0.0,1737.0,51.0,810.0,861.0,14.0,900.0,914.0,1.0,158.0
45,DeathKing/Learning-SICP,28.0,0.0,2.0,0.0,843.0,8.0,58.0,66.0,0.0,41.0,41.0,4.0,82.0
46,thoughtbot/guides,158.0,0.0,2.0,0.0,517.0,0.0,97.0,97.0,0.0,546.0,546.0,3.0,62.0
47,carrierwaveuploader/carrierwave,431.0,0.0,2.0,0.0,2480.0,130.0,1664.0,1794.0,2.0,794.0,796.0,6.0,200.0
48,javan/whenever,113.0,0.0,2.0,0.0,535.0,63.0,480.0,543.0,27.0,251.0,278.0,5.0,83.0
49,kaminari/kaminari,170.0,0.0,2.0,0.0,1606.0,34.0,614.0,648.0,15.0,411.0,426.0,2.0,41.0
50,heartcombo/simple_form,295.0,0.0,2.0,0.0,2024.0,21.0,1162.0,1183.0,7.0,567.0,574.0,6.0,196.0
51,railsadminteam/rails_admin,502.0,0.0,2.0,0.0,4902.0,179.0,2159.0,2338.0,5.0,1122.0,1127.0,1.0,252.0
52,omniauth/omniauth,210.0,0.0,2.0,0.0,1423.0,79.0,559.0,638.0,3.0,405.0,408.0,1.0,106.0
53,varvet/pundit,128.0,0.0,2.0,0.0,533.0,6.0,381.0,387.0,10.0,321.0,331.0,4.0,138.0
54,thoughtbot/factory_bot,268.0,254.0,16.0,16.0,1165.0,21.0,859.0,880.0,9.0,630.0,639.0,4.0,77.0
55,greatghoul/remote-working,47.0,0.0,2.0,0.0,969.0,0.0,30.0,30.0,0.0,257.0,257.0,0.0,608.0
56,realm/jazzy,66.0,0.0,2.0,0.0,1441.0,99.0,744.0,843.0,3.0,448.0,451.0,4.0,77.0
57,puma/puma,478.0,0.0,2.0,0.0,3679.0,49.0,1445.0,1494.0,10.0,1319.0,1329.0,9.0,164.0
58,middleman/middleman,239.0,0.0,2.0,0.0,3524.0,11.0,1619.0,1630.0,0.0,882.0,882.0,1.0,54.0
59,skwp/dotfiles,145.0,0.0,2.0,0.0,1246.0,3.0,502.0,505.0,3.0,362.0,365.0,1.0,280.0
60,chef/chef,1031.0,0.0,2.0,0.0,31875.0,321.0,3219.0,3540.0,33.0,9051.0,9084.0,0.0,90.0
61,BetterErrors/better_errors,97.0,24.0,30.0,4.0,730.0,39.0,239.0,278.0,14.0,210.0,224.0,3.0,75.0
62,github-changelog-generator/github-changelog-generator,109.0,0.0,2.0,0.0,1792.0,136.0,264.0,400.0,3.0,460.0,463.0,3.0,159.0
63,puppetlabs/puppet,916.0,0.0,2.0,0.0,34042.0,0.0,0.0,0.0,27.0,8810.0,8837.0,0.0,60.0
64,flyerhzm/bullet,156.0,0.0,2.0,0.0,1291.0,84.0,239.0,323.0,22.0,269.0,291.0,4.0,80.0
65,chyingp/nodejs-learning-guide,7.0,0.0,2.0,0.0,400.0,2.0,11.0,13.0,6.0,6.0,12.0,0.0,46.0
66,pry/pry,220.0,0.0,2.0,0.0,4354.0,151.0,1270.0,1421.0,15.0,781.0,796.0,0.0,51.0
67,ryanb/cancan,70.0,0.0,2.0,0.0,420.0,200.0,651.0,851.0,45.0,159.0,204.0,12.0,55.0
68,github/scientist,57.0,0.0,2.0,0.0,217.0,0.0,0.0,0.0,0.0,0.0,0.0,1.0,66.0
69,presidentbeef/brakeman,153.0,0.0,2.0,0.0,3790.0,81.0,609.0,690.0,5.0,990.0,995.0,2.0,80.0
70,wpscanteam/wpscan,59.0,0.0,2.0,0.0,3150.0,28.0,1321.0,1349.0,4.0,335.0,339.0,5.0,221.0
71,paper-trail-gem/paper_trail,249.0,0.0,2.0,0.0,2330.0,4.0,676.0,680.0,0.0,684.0,684.0,3.0,495.0
72,ankane/pghero,34.0,0.0,2.0,0.0,1195.0,4.0,317.0,321.0,4.0,83.0,87.0,2.0,84.0
73,venmo/synx,19.0,0.0,2.0,0.0,211.0,53.0,47.0,100.0,7.0,38.0,45.0,0.0,45.0
74,guard/guard,195.0,0.0,2.0,0.0,2444.0,64.0,511.0,575.0,3.0,395.0,398.0,1.0,343.0
75,alexreisner/geocoder,388.0,0.0,2.0,0.0,2307.0,31.0,842.0,873.0,4.0,664.0,668.0,3.0,286.0
76,progit/progit,510.0,0.0,2.0,0.0,4500.0,0.0,0.0,0.0,0.0,771.0,771.0,0.0,13.0
77,bkeepers/dotenv,112.0,27.0,7.0,2.0,610.0,7.0,183.0,190.0,6.0,244.0,250.0,0.0,76.0
78,ankane/chartkick,28.0,0.0,2.0,0.0,484.0,8.0,483.0,491.0,0.0,95.0,95.0,1.0,179.0
79,freeCodeCamp/how-to-contribute-to-open-source,216.0,0.0,2.0,0.0,324.0,32.0,130.0,162.0,48.0,446.0,494.0,13.0,146.0
80,norman/friendly_id,196.0,0.0,2.0,0.0,1592.0,8.0,649.0,657.0,1.0,322.0,323.0,2.0,107.0
81,ankane/searchkick,118.0,0.0,2.0,0.0,2615.0,8.0,1214.0,1222.0,4.0,321.0,325.0,2.0,869.0
82,kkuchta/css-only-chat,6.0,0.0,2.0,0.0,22.0,6.0,14.0,20.0,6.0,11.0,17.0,0.0,9.0
83,mislav/will_paginate,73.0,0.0,2.0,0.0,755.0,55.0,373.0,428.0,0.0,198.0,198.0,1.0,14.0
84,ddollar/foreman,172.0,0.0,2.0,0.0,1106.0,44.0,385.0,429.0,16.0,334.0,350.0,1.0,35.0
85,square/maximum-awesome,62.0,0.0,2.0,0.0,242.0,25.0,94.0,119.0,9.0,130.0,139.0,1.0,23.0
86,hanami/hanami,177.0,0.0,2.0,0.0,1761.0,13.0,434.0,447.0,12.0,684.0,696.0,1.0,82.0
87,sj26/mailcatcher,54.0,376.0,15.0,13.0,541.0,19.0,321.0,340.0,13.0,137.0,150.0,2.0,70.0
88,jnunemaker/httparty,241.0,0.0,2.0,0.0,1254.0,30.0,358.0,388.0,10.0,340.0,350.0,0.0,23.0
89,sferik/t,64.0,0.0,2.0,0.0,1002.0,144.0,155.0,299.0,36.0,113.0,149.0,3.0,137.0
90,opf/openproject,312.0,0.0,2.0,0.0,62331.0,0.0,0.0,0.0,39.0,10236.0,10275.0,0.0,56.0
91,github/markup,104.0,0.0,2.0,0.0,666.0,155.0,758.0,913.0,26.0,213.0,239.0,6.0,79.0
92,rails/webpacker,464.0,0.0,2.0,0.0,1528.0,2.0,1865.0,1867.0,1.0,1384.0,1385.0,1.0,239.0
93,vcr/vcr,168.0,0.0,2.0,0.0,2087.0,55.0,453.0,508.0,10.0,368.0,378.0,2.0,189.0
94,thoughtbot/administrate,251.0,0.0,2.0,0.0,1228.0,91.0,727.0,818.0,34.0,1304.0,1338.0,5.0,51.0
95,ruby-concurrency/concurrent-ruby,156.0,385.0,30.0,173.0,2965.0,80.0,290.0,370.0,0.0,562.0,562.0,1.0,212.0
96,rails-api/rails-api,64.0,0.0,2.0,0.0,253.0,11.0,126.0,137.0,2.0,89.0,91.0,3.0,37.0
97,JuanitoFatas/fast-ruby,52.0,0.0,2.0,0.0,208.0,34.0,25.0,59.0,39.0,101.0,140.0,2.0,131.0
98,lostisland/faraday,240.0,0.0,2.0,0.0,1809.0,31.0,566.0,597.0,8.0,761.0,769.0,2.0,132.0
99,rails-api/active_model_serializers,208.0,0.0,2.0,0.0,1481.0,154.0,965.0,1119.0,32.0,1265.0,1297.0,2.0,105.0
100,tchiarato/Todo,2.0,0.0,2.0,0.0,4.0,1.0,0.0,1.0,0.0,0.0,0.0,0.0,2.0
101,askl56/Bazaar,1.0,0.0,2.0,0.0,82.0,0.0,0.0,0.0,0.0,0.0,0.0,0.0,4.0
102,chadev/chatech-jobs,7.0,0.0,2.0,0.0,88.0,5.0,18.0,23.0,0.0,25.0,25.0,1.0,5.0
103,rackspace-cookbooks/chatops_notify,6.0,0.0,2.0,0.0,27.0,1.0,0.0,1.0,0.0,8.0,8.0,0.0,8.0
104,ruby-nord/ruby-nord.github.io,6.0,0.0,2.0,0.0,69.0,0.0,2.0,2.0,1.0,17.0,18.0,0.0,6.0
105,danielwestendorf/engineering-app,2.0,0.0,2.0,0.0,28.0,0.0,0.0,0.0,0.0,0.0,0.0,0.0,5.0
106,raimondasv/pronto-rails_schema,6.0,0.0,2.0,0.0,30.0,0.0,0.0,0.0,0.0,0.0,0.0,0.0,3.0
107,octonion/boxing,1.0,0.0,2.0,0.0,8.0,1.0,0.0,1.0,0.0,0.0,0.0,0.0,1.0
108,arturictus/hash_map,6.0,0.0,2.0,0.0,98.0,8.0,11.0,19.0,0.0,13.0,13.0,0.0,24.0
109,gocd/functional-tests,28.0,0.0,2.0,0.0,886.0,2.0,6.0,8.0,0.0,403.0,403.0,0.0,12.0
110,bradenwright/kitchen-lxd_cli,5.0,0.0,2.0,0.0,22.0,8.0,6.0,14.0,0.0,6.0,6.0,0.0,12.0
111,onmomo/fluentd-gelf-docker,1.0,0.0,2.0,0.0,20.0,0.0,2.0,2.0,0.0,0.0,0.0,0.0,11.0
112,vlad-shatskyi/ansi-select,1.0,0.0,2.0,0.0,49.0,1.0,0.0,1.0,0.0,0.0,0.0,0.0,14.0
113,Nanomancer/sonic-pi-projects,2.0,0.0,2.0,0.0,150.0,0.0,0.0,0.0,0.0,1.0,1.0,0.0,3.0
114,nasa42/libs.rs,19.0,0.0,2.0,0.0,86.0,4.0,5.0,9.0,3.0,21.0,24.0,0.0,9.0
115,ppworks/hello-esa,3.0,0.0,2.0,0.0,31.0,0.0,0.0,0.0,0.0,9.0,9.0,0.0,6.0
116,slashrocket/reactif,8.0,0.0,2.0,0.0,145.0,9.0,5.0,14.0,0.0,7.0,7.0,0.0,9.0
117,MaG21/curry,5.0,0.0,2.0,0.0,108.0,0.0,10.0,10.0,0.0,7.0,7.0,0.0,24.0
118,kt97679/one-ssh,5.0,3.0,1.0,10.0,148.0,0.0,6.0,6.0,0.0,6.0,6.0,0.0,27.0
119,NETWAYS/check_logstash,8.0,0.0,2.0,0.0,52.0,10.0,19.0,29.0,3.0,11.0,14.0,4.0,14.0
120,jhu-ep-coursera/fullstack-course2-module4-i-reviewed,2.0,0.0,2.0,0.0,16.0,0.0,1.0,1.0,4.0,6.0,10.0,0.0,1.0
121,zekitow/rails-api-and-angularjs,1.0,0.0,2.0,0.0,3.0,0.0,0.0,0.0,0.0,0.0,0.0,0.0,2.0
122,soveran/hart,3.0,0.0,2.0,0.0,8.0,0.0,0.0,0.0,0.0,3.0,3.0,0.0,3.0
123,Hawatel/rails5-api-starter,2.0,0.0,2.0,0.0,17.0,0.0,2.0,2.0,1.0,9.0,10.0,0.0,5.0
124,jakubgarfield/invoicing,1.0,0.0,2.0,0.0,51.0,0.0,0.0,0.0,4.0,3.0,7.0,0.0,5.0
125,franckverrot/mruby-r,1.0,0.0,2.0,0.0,22.0,0.0,0.0,0.0,0.0,0.0,0.0,0.0,10.0
126,alemohamad/wicked-cool-ruby-scripts,2.0,0.0,2.0,0.0,2.0,0.0,0.0,0.0,0.0,0.0,0.0,0.0,1.0
127,ljkbennett/stub_env,3.0,0.0,2.0,0.0,29.0,1.0,2.0,3.0,2.0,7.0,9.0,0.0,6.0
128,18F/about_yml,15.0,0.0,2.0,0.0,94.0,27.0,28.0,55.0,2.0,31.0,33.0,0.0,16.0
129,sawyerh/jekyll-boilerplate,2.0,0.0,2.0,0.0,35.0,1.0,1.0,2.0,0.0,0.0,0.0,0.0,14.0
130,SophieDeBenedetto/catbook-api,1.0,0.0,2.0,0.0,7.0,0.0,0.0,0.0,1.0,0.0,1.0,0.0,3.0
131,SudhagarS/pry-state,8.0,0.0,2.0,0.0,41.0,3.0,7.0,10.0,2.0,4.0,6.0,0.0,9.0
132,hitode909/bgm,3.0,0.0,2.0,0.0,12.0,0.0,0.0,0.0,0.0,3.0,3.0,0.0,4.0
133,r7kamura/activerecord-belongs_to_if,4.0,0.0,2.0,0.0,19.0,0.0,0.0,0.0,0.0,3.0,3.0,0.0,5.0
134,tokyorails/tokyorails,14.0,0.0,2.0,0.0,289.0,0.0,9.0,9.0,14.0,39.0,53.0,0.0,14.0
135,Kalvar/MLDeltaLearning,2.0,0.0,2.0,0.0,28.0,0.0,0.0,0.0,0.0,1.0,1.0,0.0,9.0
136,dtorres/cocoapods-prune-localizations,2.0,10.0,3.0,2.0,28.0,3.0,7.0,10.0,0.0,1.0,1.0,1.0,7.0
137,mwpastore/dalli-rate_limiter,2.0,0.0,2.0,0.0,26.0,0.0,0.0,0.0,0.0,4.0,4.0,0.0,15.0
138,ahelal/kitchen-ansiblepush,16.0,0.0,2.0,0.0,208.0,2.0,20.0,22.0,2.0,41.0,43.0,0.0,36.0
139,mariopeixoto/react-bootstrap-rails,7.0,0.0,2.0,0.0,23.0,1.0,4.0,5.0,2.0,9.0,11.0,0.0,12.0
140,danott/webpack_rails,4.0,0.0,2.0,0.0,32.0,0.0,9.0,9.0,0.0,4.0,4.0,5.0,13.0
141,amcoder/curse_client,2.0,0.0,2.0,0.0,10.0,7.0,6.0,13.0,0.0,1.0,1.0,0.0,2.0
142,thumbor/ruby-thumbor,19.0,0.0,2.0,0.0,175.0,0.0,5.0,5.0,0.0,20.0,20.0,0.0,3.0
143,himynameisjonas/heroku-deployer,7.0,0.0,2.0,0.0,46.0,0.0,4.0,4.0,1.0,6.0,7.0,0.0,16.0
144,tomdalling/rschema,5.0,0.0,2.0,0.0,218.0,1.0,7.0,8.0,0.0,9.0,9.0,0.0,11.0
145,kevinwuhoo/ui-styleguides,4.0,0.0,2.0,0.0,27.0,1.0,1.0,2.0,5.0,6.0,11.0,0.0,7.0
146,railsware/skypekit,1.0,0.0,2.0,0.0,3.0,0.0,3.0,3.0,1.0,0.0,1.0,0.0,1.0
147,cesarferreira/react-native-logcat,2.0,0.0,2.0,0.0,16.0,0.0,1.0,1.0,0.0,2.0,2.0,0.0,4.0
148,motemen/go-for-go-book,2.0,0.0,2.0,0.0,106.0,0.0,1.0,1.0,0.0,3.0,3.0,0.0,0.0
149,contently/action_mailer_matchers,3.0,0.0,2.0,0.0,12.0,1.0,2.0,3.0,0.0,5.0,5.0,0.0,4.0
150,voxpupuli/puppet-selinux,96.0,0.0,2.0,0.0,635.0,10.0,90.0,100.0,3.0,249.0,252.0,4.0,30.0
151,codeship/dns_deploy,2.0,0.0,2.0,0.0,16.0,0.0,0.0,0.0,0.0,1.0,1.0,0.0,3.0
152,artofhuman/activeadmin_settings_cached,13.0,0.0,2.0,0.0,138.0,0.0,20.0,20.0,0.0,37.0,37.0,0.0,31.0
153,cloudfoundry-attic/bosh-notes,31.0,0.0,2.0,0.0,408.0,5.0,15.0,20.0,4.0,26.0,30.0,0.0,22.0
154,chleggett/homebrew-gqrx,1.0,0.0,2.0,0.0,20.0,4.0,9.0,13.0,0.0,0.0,0.0,1.0,11.0
155,zestia/hubrelease,2.0,0.0,2.0,0.0,89.0,0.0,11.0,11.0,0.0,14.0,14.0,1.0,16.0
156,evilmartians/liquor,4.0,0.0,2.0,0.0,251.0,3.0,0.0,3.0,0.0,5.0,5.0,0.0,4.0
157,xijo/letsencrypt_heroku,6.0,0.0,2.0,0.0,53.0,1.0,0.0,1.0,0.0,9.0,9.0,0.0,11.0
158,jedld/brains-jruby,1.0,0.0,2.0,0.0,23.0,0.0,0.0,0.0,0.0,0.0,0.0,0.0,10.0
159,belighted/bennett,14.0,0.0,2.0,0.0,170.0,18.0,22.0,40.0,1.0,16.0,17.0,0.0,12.0
160,solyarisoftware/dialogs,1.0,0.0,2.0,0.0,17.0,0.0,0.0,0.0,0.0,0.0,0.0,0.0,16.0
161,ruby-rbot/rbot,48.0,0.0,2.0,0.0,2772.0,31.0,25.0,56.0,1.0,14.0,15.0,0.0,5.0
162,solarkennedy/sensu-training,2.0,0.0,2.0,0.0,121.0,2.0,1.0,3.0,0.0,1.0,1.0,1.0,3.0
163,dominiek/kakuteru,1.0,0.0,2.0,0.0,44.0,1.0,0.0,1.0,0.0,0.0,0.0,0.0,10.0
164,gshaw/concise_logging,4.0,0.0,2.0,0.0,18.0,0.0,4.0,4.0,1.0,4.0,5.0,0.0,5.0
165,FeipingHunag/ember-todo,4.0,0.0,2.0,0.0,21.0,0.0,2.0,2.0,0.0,2.0,2.0,0.0,4.0
166,wink/money-tree,6.0,0.0,2.0,0.0,94.0,0.0,3.0,3.0,1.0,4.0,5.0,0.0,37.0
167,dergachev/redmine_git_remote,6.0,0.0,2.0,0.0,33.0,20.0,22.0,42.0,5.0,3.0,8.0,2.0,14.0
168,openfootball/quick-starter,2.0,0.0,2.0,0.0,37.0,0.0,0.0,0.0,0.0,0.0,0.0,0.0,12.0
169,pandurang90/feature_flags,2.0,0.0,2.0,0.0,95.0,0.0,2.0,2.0,0.0,1.0,1.0,0.0,21.0
170,noahgibbs/madscience,4.0,0.0,2.0,0.0,181.0,1.0,20.0,21.0,0.0,1.0,1.0,0.0,16.0
171,rstacruz/sinatra-backbone,7.0,0.0,2.0,0.0,36.0,4.0,2.0,6.0,1.0,5.0,6.0,0.0,6.0
172,zeisler/active_enumerable,1.0,0.0,2.0,0.0,26.0,0.0,0.0,0.0,0.0,0.0,0.0,0.0,13.0
173,carsonmcdonald/ios-ruby-embedded,5.0,0.0,2.0,0.0,151.0,5.0,3.0,8.0,0.0,5.0,5.0,0.0,9.0
174,r7kamura/json_world,5.0,0.0,2.0,0.0,69.0,0.0,0.0,0.0,0.0,4.0,4.0,0.0,9.0
175,jalcine/cmake.vim,11.0,0.0,2.0,0.0,530.0,0.0,36.0,36.0,0.0,22.0,22.0,2.0,19.0
176,hanami/helpers,42.0,0.0,2.0,0.0,410.0,0.0,43.0,43.0,1.0,155.0,156.0,0.0,23.0
177,sethherr/grape-doorkeeper,1.0,0.0,2.0,0.0,27.0,0.0,4.0,4.0,1.0,3.0,4.0,0.0,6.0
178,ianwhite/resources_controller,16.0,0.0,2.0,0.0,370.0,4.0,4.0,8.0,2.0,4.0,6.0,2.0,29.0
179,17Q4MX2hmktmpuUKHFuoRmS5MfB5XPbhod/dropzone_ruby,12.0,0.0,2.0,0.0,53.0,1.0,18.0,19.0,0.0,11.0,11.0,1.0,8.0
180,ccallebs/pokey,2.0,0.0,2.0,0.0,25.0,4.0,6.0,10.0,0.0,1.0,1.0,0.0,11.0
181,choonkeat/active_params,1.0,0.0,2.0,0.0,8.0,0.0,3.0,3.0,0.0,1.0,1.0,0.0,4.0
182,kkuchta/Vimbits,6.0,0.0,2.0,0.0,144.0,11.0,7.0,18.0,4.0,9.0,13.0,0.0,2.0
183,dennisreimann/masq,7.0,0.0,2.0,0.0,74.0,5.0,5.0,10.0,1.0,7.0,8.0,0.0,11.0
184,georgi/shinmun,3.0,0.0,2.0,0.0,149.0,1.0,0.0,1.0,0.0,0.0,0.0,0.0,23.0
185,procore/handcuffs,12.0,0.0,2.0,0.0,54.0,3.0,3.0,6.0,5.0,33.0,38.0,0.0,8.0
186,amatsuda/interactive_rspec,3.0,0.0,2.0,0.0,31.0,4.0,0.0,4.0,1.0,3.0,4.0,0.0,5.0
187,arrigonialberto86/ruby-band,2.0,0.0,2.0,0.0,25.0,8.0,3.0,11.0,1.0,4.0,5.0,0.0,5.0
188,tbalthazar-archives/ubuntu-machine,3.0,0.0,2.0,0.0,43.0,4.0,2.0,6.0,0.0,0.0,0.0,0.0,4.0
189,oscar-stack/oscar,14.0,30.0,3.0,3.0,268.0,19.0,27.0,46.0,0.0,16.0,16.0,0.0,13.0
190,lucasas/will_paginate_mongoid,9.0,0.0,2.0,0.0,38.0,3.0,10.0,13.0,1.0,8.0,9.0,0.0,3.0
191,fluffgfx/dit,2.0,0.0,2.0,0.0,51.0,1.0,8.0,9.0,0.0,0.0,0.0,1.0,10.0
192,fespinoza/checklist_and_guides,1.0,0.0,2.0,0.0,7.0,0.0,1.0,1.0,0.0,0.0,0.0,0.0,2.0
193,zenkay/simple-spreadsheet,9.0,0.0,2.0,0.0,79.0,1.0,11.0,12.0,3.0,14.0,17.0,0.0,19.0
194,hicknhack-software/rails-disco,5.0,0.0,2.0,0.0,147.0,9.0,14.0,23.0,0.0,0.0,0.0,3.0,18.0
195,iGEL/it,6.0,0.0,2.0,0.0,119.0,5.0,16.0,21.0,1.0,11.0,12.0,0.0,18.0
196,yyuu/capistrano-rbenv,4.0,0.0,2.0,0.0,138.0,5.0,2.0,7.0,0.0,8.0,8.0,0.0,12.0
197,oswaldlabs/chef-rundeck,21.0,0.0,2.0,0.0,144.0,15.0,28.0,43.0,3.0,25.0,28.0,1.0,4.0
198,keithpitt/vendor,5.0,0.0,2.0,0.0,249.0,3.0,11.0,14.0,2.0,5.0,7.0,0.0,51.0
199,,0.0,0.0,,,0.0,0.0,0.0,0.0,0.0,0.0,0.0,0.0,0.0
