fullname,C0,C1,C2,C3,C4,C5,C6,C7,C8,number_of_stars,num_of_watchers,num_of_forks,repo_id,repository,community,downloads,releases,assets,commits,open_issues,closed_issues,total_issues,open_prs,closed_prs,total_prs,readme_issues,readme_commits,Rank,Rank_real,star_rank,fork_rank,watchers_rank,pullrequest_rank,label
rails/rails,1,1,0,1,0,1,1,1,0,49511,49511,19904,0,rails/rails,5701.0,0.0,2.0,0.0,83217.0,355.0,15065.0,15420.0,246.0,28643.0,28889.0,0.0,50.0,746.0,187.0,187.0,187.0,187.0,185.0,1
jekyll/jekyll,1,1,0,0,0,1,1,1,0,43755,43755,9624,1,jekyll/jekyll,1168.0,0.0,2.0,0.0,11464.0,88.0,4434.0,4522.0,93.0,4088.0,4181.0,2.0,72.0,729.0,185.0,186.0,185.0,186.0,172.0,1
discourse/discourse,0,1,0,1,0,1,1,1,0,34552,34552,7454,2,discourse/discourse,994.0,0.0,2.0,0.0,44508.0,0.0,0.0,0.0,37.0,15632.0,15669.0,0.0,137.0,737.0,186.0,185.0,183.0,185.0,184.0,1
fastlane/fastlane,0,0,0,0,0,1,1,1,0,33329,33329,5054,3,fastlane/fastlane,1497.0,0.0,2.0,0.0,16282.0,123.0,11837.0,11960.0,65.0,6840.0,6905.0,0.0,476.0,721.0,183.0,184.0,178.0,184.0,175.0,1
huginn/huginn,1,1,0,1,0,1,1,1,0,32752,32752,3115,4,huginn/huginn,246.0,0.0,2.0,0.0,3428.0,521.0,1400.0,1921.0,83.0,1082.0,1165.0,2.0,98.0,688.0,175.0,183.0,167.0,183.0,155.0,1
Homebrew/brew,0,1,0,1,0,1,1,1,0,30141,30141,6925,5,Homebrew/brew,1078.0,0.0,2.0,0.0,30778.0,17.0,3426.0,3443.0,11.0,8803.0,8814.0,1.0,214.0,724.0,184.0,182.0,182.0,182.0,178.0,1
bayandin/awesome-awesomeness,0,1,0,0,0,1,1,0,0,28286,28286,3449,6,bayandin/awesome-awesomeness,251.0,0.0,2.0,0.0,572.0,12.0,49.0,61.0,6.0,386.0,392.0,0.0,426.0,655.0,168.0,181.0,172.0,181.0,121.0,1
freeCodeCamp/devdocs,1,1,0,1,0,1,1,1,0,27130,27130,1826,7,freeCodeCamp/devdocs,184.0,0.0,2.0,0.0,4396.0,97.0,881.0,978.0,24.0,688.0,712.0,4.0,97.0,651.0,167.0,180.0,153.0,180.0,138.0,1
mastodon/mastodon,1,1,0,1,0,1,1,1,0,26030,26030,4235,8,mastodon/mastodon,761.0,0.0,2.0,0.0,11297.0,2003.0,4474.0,6477.0,54.0,10895.0,10949.0,2.0,88.0,716.0,181.0,179.0,176.0,179.0,182.0,1
hashicorp/vagrant,0,1,0,1,0,0,1,1,0,23045,23045,4177,10,hashicorp/vagrant,1235.0,0.0,2.0,0.0,14136.0,564.0,8505.0,9069.0,86.0,3468.0,3554.0,2.0,60.0,700.0,179.0,178.0,175.0,178.0,169.0,1
gitlabhq/gitlabhq,1,1,0,1,1,1,1,1,0,22781,22781,5693,11,gitlabhq/gitlabhq,2909.0,0.0,2.0,0.0,107784.0,0.0,0.0,0.0,14.0,3555.0,3569.0,0.0,264.0,705.0,180.0,177.0,181.0,177.0,170.0,1
heartcombo/devise,0,1,0,1,0,1,1,1,0,22061,22061,5328,12,heartcombo/devise,694.0,0.0,2.0,0.0,3769.0,135.0,3951.0,4086.0,57.0,1282.0,1339.0,1.0,176.0,692.0,176.0,176.0,179.0,176.0,161.0,1
kilimchoi/engineering-blogs,1,1,0,1,0,1,1,1,0,20553,20553,537,13,kilimchoi/engineering-blogs,383.0,0.0,2.0,0.0,1705.0,4.0,74.0,78.0,50.0,893.0,943.0,1.0,1182.0,608.0,156.0,175.0,107.0,175.0,151.0,1
Homebrew/homebrew-cask,1,1,0,1,0,1,1,1,0,18730,18730,9487,14,Homebrew/homebrew-cask,9214.0,0.0,2.0,0.0,146299.0,23.0,5985.0,6008.0,33.0,114014.0,114047.0,0.0,157.0,719.0,182.0,174.0,184.0,174.0,187.0,1
ruby/ruby,1,1,0,1,0,1,1,1,0,18680,18680,5357,15,ruby/ruby,585.0,0.0,2.0,0.0,71315.0,0.0,0.0,0.0,342.0,5217.0,5559.0,0.0,104.0,699.0,178.0,173.0,180.0,173.0,173.0,1
forem/forem,1,1,0,1,1,1,1,1,0,18337,18337,3205,16,forem/forem,702.0,0.0,2.0,0.0,11108.0,387.0,4047.0,4434.0,30.0,11749.0,11779.0,1.0,148.0,695.0,177.0,172.0,168.0,172.0,183.0,1
CocoaPods/CocoaPods,1,1,0,0,0,0,0,0,0,13485,13485,2487,17,CocoaPods/CocoaPods,401.0,0.0,2.0,0.0,9323.0,294.0,8760.0,9054.0,29.0,2024.0,2053.0,2.0,100.0,668.0,169.0,171.0,160.0,171.0,166.0,1
diaspora/diaspora,1,1,0,1,0,0,1,1,0,12924,12924,2933,18,diaspora/diaspora,540.0,0.0,2.0,0.0,20528.0,420.0,4279.0,4699.0,26.0,3387.0,3413.0,0.0,151.0,674.0,171.0,170.0,166.0,170.0,168.0,1
twbs/bootstrap-sass,0,1,0,1,1,1,1,1,0,12729,12729,3677,19,twbs/bootstrap-sass,122.0,0.0,2.0,0.0,1039.0,15.0,816.0,831.0,3.0,346.0,349.0,19.0,217.0,627.0,161.0,169.0,174.0,169.0,115.0,1
elastic/logstash,0,1,0,1,0,0,1,1,0,12498,12498,3234,20,elastic/logstash,573.0,0.0,2.0,0.0,10027.0,1783.0,4304.0,6087.0,180.0,7524.0,7704.0,7.0,118.0,682.0,173.0,168.0,169.0,168.0,177.0,1
gollum/gollum,1,1,0,1,0,1,1,1,0,12326,12326,1570,21,gollum/gollum,217.0,0.0,2.0,0.0,2360.0,44.0,1093.0,1137.0,8.0,618.0,626.0,9.0,233.0,616.0,158.0,167.0,149.0,167.0,133.0,1
capistrano/capistrano,1,1,0,1,0,1,1,1,0,12028,12028,1780,22,capistrano/capistrano,279.0,0.0,2.0,0.0,1681.0,51.0,1051.0,1102.0,3.0,857.0,860.0,3.0,139.0,631.0,162.0,166.0,152.0,166.0,147.0,1
rubocop/rubocop,1,1,0,1,1,1,1,1,0,11576,11576,2803,23,rubocop/rubocop,907.0,0.0,2.0,0.0,11343.0,213.0,4335.0,4548.0,26.0,5735.0,5761.0,3.0,397.0,669.0,170.0,165.0,165.0,165.0,174.0,1
mame/quine-relay,1,1,0,1,0,1,1,0,0,11556,11556,523,24,mame/quine-relay,18.0,0.0,2.0,0.0,458.0,14.0,65.0,79.0,0.0,40.0,40.0,3.0,187.0,522.0,131.0,164.0,106.0,164.0,88.0,1
spree/spree,1,1,0,1,0,1,1,1,0,11543,11543,4821,25,spree/spree,1171.0,0.0,2.0,0.0,24595.0,174.0,3895.0,4069.0,69.0,7357.0,7426.0,0.0,290.0,679.0,172.0,163.0,177.0,163.0,176.0,1
lewagon/setup,1,0,0,1,0,0,1,0,0,11538,11538,1006,26,lewagon/setup,63.0,0.0,2.0,0.0,993.0,5.0,113.0,118.0,1.0,245.0,246.0,0.0,58.0,558.0,141.0,162.0,129.0,162.0,105.0,1
sinatra/sinatra,1,1,0,1,1,0,1,0,0,11482,11482,2034,27,sinatra/sinatra,505.0,0.0,2.0,0.0,4362.0,57.0,733.0,790.0,11.0,928.0,939.0,7.0,143.0,626.0,160.0,161.0,154.0,161.0,150.0,1
mperham/sidekiq,0,1,0,1,0,1,1,0,0,11415,11415,2037,28,mperham/sidekiq,562.0,0.0,2.0,0.0,4166.0,21.0,3838.0,3859.0,3.0,1329.0,1332.0,4.0,92.0,634.0,163.0,160.0,155.0,160.0,159.0,1
chatwoot/chatwoot,0,1,0,1,0,1,1,0,0,11400,11400,1305,29,chatwoot/chatwoot,172.0,0.0,2.0,0.0,1918.0,530.0,1400.0,1930.0,36.0,1920.0,1956.0,5.0,57.0,624.0,159.0,159.0,141.0,159.0,165.0,1
tmuxinator/tmuxinator,1,1,0,1,0,1,1,1,0,11048,11048,611,30,tmuxinator/tmuxinator,144.0,0.0,2.0,0.0,842.0,99.0,385.0,484.0,6.0,362.0,368.0,8.0,120.0,547.0,139.0,158.0,112.0,158.0,119.0,1
fluent/fluentd,0,1,0,1,1,1,1,0,0,10773,10773,1226,32,fluent/fluentd,266.0,0.0,2.0,0.0,6254.0,112.0,1726.0,1838.0,6.0,1777.0,1783.0,2.0,45.0,614.0,157.0,157.0,137.0,157.0,163.0,1
Homebrew/homebrew-core,0,1,0,1,0,1,1,1,0,10362,10362,9962,33,Homebrew/homebrew-core,12243.0,0.0,2.0,0.0,281563.0,24.0,4580.0,4604.0,87.0,91633.0,91720.0,1.0,22.0,684.0,174.0,156.0,186.0,156.0,186.0,1
jordansissel/fpm,0,1,0,1,0,0,1,0,0,10254,10254,1021,34,jordansissel/fpm,331.0,0.0,2.0,0.0,2232.0,626.0,526.0,1152.0,76.0,642.0,718.0,0.0,12.0,579.0,147.0,155.0,130.0,155.0,139.0,1
faker-ruby/faker,1,1,0,1,0,1,1,1,0,9609,9609,2783,35,faker-ruby/faker,886.0,0.0,2.0,0.0,2474.0,71.0,441.0,512.0,96.0,1839.0,1935.0,0.0,319.0,636.0,164.0,154.0,164.0,154.0,164.0,1
teamcapybara/capybara,1,1,0,1,0,0,1,0,1,9473,9473,1398,36,teamcapybara/capybara,384.0,0.0,2.0,0.0,4157.0,9.0,1467.0,1476.0,19.0,1033.0,1052.0,2.0,209.0,604.0,154.0,153.0,145.0,153.0,153.0,1
ruby-grape/grape,1,1,0,1,1,1,1,1,0,9430,9430,1205,37,ruby-grape/grape,450.0,0.0,2.0,0.0,2530.0,199.0,867.0,1066.0,35.0,1144.0,1179.0,2.0,460.0,596.0,151.0,152.0,136.0,152.0,156.0,1
imathis/octopress,0,1,0,0,1,1,1,1,0,9387,9387,2753,38,imathis/octopress,133.0,0.0,2.0,0.0,857.0,175.0,811.0,986.0,74.0,708.0,782.0,2.0,41.0,607.0,155.0,151.0,163.0,151.0,142.0,1
github/linguist,0,0,0,1,0,1,1,1,0,9319,9319,3334,39,github/linguist,1069.0,19611.0,30.0,30.0,6371.0,65.0,2010.0,2075.0,41.0,3329.0,3370.0,5.0,127.0,638.0,166.0,150.0,171.0,150.0,167.0,1
Shopify/liquid,0,1,0,1,0,0,1,0,0,9177,9177,1196,40,Shopify/liquid,188.0,0.0,2.0,0.0,1499.0,197.0,535.0,732.0,58.0,728.0,786.0,0.0,27.0,576.0,145.0,149.0,135.0,149.0,143.0,1
activeadmin/activeadmin,0,1,0,1,0,1,1,1,0,9094,9094,3245,41,activeadmin/activeadmin,768.0,0.0,2.0,0.0,7970.0,319.0,3352.0,3671.0,71.0,3615.0,3686.0,0.0,114.0,637.0,165.0,148.0,170.0,148.0,171.0,1
thoughtbot/paperclip,1,1,0,1,0,1,1,1,0,9070,9070,2358,42,thoughtbot/paperclip,463.0,289.0,13.0,2.0,1973.0,34.0,1806.0,1840.0,16.0,826.0,842.0,10.0,203.0,598.0,152.0,147.0,158.0,147.0,146.0,1
thoughtbot/bourbon,0,1,0,1,1,1,1,1,0,9062,9062,915,43,thoughtbot/bourbon,153.0,3170.0,30.0,6.0,1210.0,5.0,558.0,563.0,1.0,542.0,543.0,2.0,60.0,545.0,138.0,146.0,124.0,146.0,129.0,1
resque/resque,1,1,0,1,0,1,1,1,0,9017,9017,1632,44,resque/resque,289.0,0.0,2.0,0.0,1737.0,51.0,810.0,861.0,14.0,900.0,914.0,1.0,158.0,590.0,150.0,145.0,151.0,145.0,149.0,1
DeathKing/Learning-SICP,1,0,0,0,0,0,0,0,0,9008,9008,1389,45,DeathKing/Learning-SICP,28.0,0.0,2.0,0.0,843.0,8.0,58.0,66.0,0.0,41.0,41.0,4.0,82.0,521.0,130.0,144.0,144.0,144.0,89.0,1
thoughtbot/guides,1,1,0,1,0,1,0,1,0,8954,8954,1354,46,thoughtbot/guides,158.0,0.0,2.0,0.0,517.0,0.0,97.0,97.0,0.0,546.0,546.0,3.0,62.0,558.0,141.0,143.0,142.0,143.0,130.0,1
carrierwaveuploader/carrierwave,0,1,0,1,0,1,1,1,0,8668,8668,1614,47,carrierwaveuploader/carrierwave,431.0,0.0,2.0,0.0,2480.0,130.0,1664.0,1794.0,2.0,794.0,796.0,6.0,200.0,578.0,146.0,142.0,150.0,142.0,144.0,1
javan/whenever,0,0,0,1,0,1,1,0,0,8533,8533,710,48,javan/whenever,113.0,0.0,2.0,0.0,535.0,63.0,480.0,543.0,27.0,251.0,278.0,5.0,83.0,507.0,129.0,141.0,116.0,141.0,109.0,1
kaminari/kaminari,1,1,0,1,1,1,1,1,1,8073,8073,1063,49,kaminari/kaminari,170.0,0.0,2.0,0.0,1606.0,34.0,614.0,648.0,15.0,411.0,426.0,2.0,41.0,537.0,137.0,140.0,132.0,140.0,125.0,1
heartcombo/simple_form,1,1,0,1,0,1,1,0,0,7871,7871,1303,50,heartcombo/simple_form,295.0,0.0,2.0,0.0,2024.0,21.0,1162.0,1183.0,7.0,567.0,574.0,6.0,196.0,550.0,140.0,139.0,140.0,139.0,132.0,1
railsadminteam/rails_admin,0,1,0,1,1,1,1,0,0,7541,7541,2199,51,railsadminteam/rails_admin,502.0,0.0,2.0,0.0,4902.0,179.0,2159.0,2338.0,5.0,1122.0,1127.0,1.0,252.0,586.0,148.0,138.0,156.0,138.0,154.0,1
omniauth/omniauth,0,1,0,1,1,1,1,0,0,7469,7469,959,52,omniauth/omniauth,210.0,0.0,2.0,0.0,1423.0,79.0,559.0,638.0,3.0,405.0,408.0,1.0,106.0,524.0,132.0,137.0,126.0,137.0,124.0,1
varvet/pundit,1,1,0,1,0,1,1,0,0,7450,7450,574,53,varvet/pundit,128.0,0.0,2.0,0.0,533.0,6.0,381.0,387.0,10.0,321.0,331.0,4.0,138.0,494.0,123.0,136.0,109.0,136.0,113.0,1
thoughtbot/factory_bot,0,1,0,1,0,1,1,1,0,7356,7356,2498,54,thoughtbot/factory_bot,268.0,254.0,16.0,16.0,1165.0,21.0,859.0,880.0,9.0,630.0,639.0,4.0,77.0,565.0,144.0,135.0,161.0,135.0,134.0,1
greatghoul/remote-working,1,0,0,0,0,0,1,0,0,7150,7150,714,55,greatghoul/remote-working,47.0,0.0,2.0,0.0,969.0,0.0,30.0,30.0,0.0,257.0,257.0,0.0,608.0,493.0,121.0,134.0,117.0,134.0,108.0,1
realm/jazzy,0,1,0,1,0,1,1,0,0,7068,7068,386,56,realm/jazzy,66.0,0.0,2.0,0.0,1441.0,99.0,744.0,843.0,3.0,448.0,451.0,4.0,77.0,489.0,120.0,133.0,97.0,133.0,126.0,1
puma/puma,1,1,0,1,0,1,1,1,0,6910,6910,1286,57,puma/puma,478.0,0.0,2.0,0.0,3679.0,49.0,1445.0,1494.0,10.0,1319.0,1329.0,9.0,164.0,560.0,143.0,132.0,138.0,132.0,158.0,1
middleman/middleman,0,1,0,1,1,1,1,1,1,6807,6807,735,58,middleman/middleman,239.0,0.0,2.0,0.0,3524.0,11.0,1619.0,1630.0,0.0,882.0,882.0,1.0,54.0,528.0,136.0,131.0,118.0,131.0,148.0,1
skwp/dotfiles,1,1,0,1,0,1,1,0,0,6787,6787,1440,59,skwp/dotfiles,145.0,0.0,2.0,0.0,1246.0,3.0,502.0,505.0,3.0,362.0,365.0,1.0,280.0,524.0,132.0,130.0,146.0,130.0,118.0,1
chef/chef,0,0,0,1,1,1,1,1,0,6749,6749,2549,60,chef/chef,1031.0,0.0,2.0,0.0,31875.0,321.0,3219.0,3540.0,33.0,9051.0,9084.0,0.0,90.0,600.0,153.0,129.0,162.0,129.0,180.0,1
BetterErrors/better_errors,0,1,0,1,0,0,1,1,0,6743,6743,445,61,BetterErrors/better_errors,97.0,24.0,30.0,4.0,730.0,39.0,239.0,278.0,14.0,210.0,224.0,3.0,75.0,458.0,113.0,128.0,99.0,128.0,103.0,1
github-changelog-generator/github-changelog-generator,0,1,0,1,1,1,1,1,0,6622,6622,826,62,github-changelog-generator/github-changelog-generator,109.0,0.0,2.0,0.0,1792.0,136.0,264.0,400.0,3.0,460.0,463.0,3.0,159.0,501.0,125.0,127.0,120.0,127.0,127.0,1
puppetlabs/puppet,1,0,0,1,1,1,1,1,0,6387,6387,2213,63,puppetlabs/puppet,916.0,0.0,2.0,0.0,34042.0,0.0,0.0,0.0,27.0,8810.0,8837.0,0.0,60.0,588.0,149.0,126.0,157.0,126.0,179.0,1
flyerhzm/bullet,1,1,0,1,1,1,1,0,0,6384,6384,373,64,flyerhzm/bullet,156.0,0.0,2.0,0.0,1291.0,84.0,239.0,323.0,22.0,269.0,291.0,4.0,80.0,454.0,111.0,125.0,94.0,125.0,110.0,1
chyingp/nodejs-learning-guide,1,0,0,0,0,0,0,0,0,6371,6371,1130,65,chyingp/nodejs-learning-guide,7.0,0.0,2.0,0.0,400.0,2.0,11.0,13.0,6.0,6.0,12.0,0.0,46.0,451.0,110.0,124.0,133.0,124.0,70.0,1
pry/pry,0,1,0,1,1,1,1,0,0,6338,6338,587,66,pry/pry,220.0,0.0,2.0,0.0,4354.0,151.0,1270.0,1421.0,15.0,781.0,796.0,0.0,51.0,501.0,125.0,123.0,111.0,123.0,144.0,1
ryanb/cancan,0,0,0,1,0,0,1,0,0,6319,6319,812,67,ryanb/cancan,70.0,0.0,2.0,0.0,420.0,200.0,651.0,851.0,45.0,159.0,204.0,12.0,55.0,465.0,114.0,122.0,119.0,122.0,102.0,1
github/scientist,1,1,0,1,0,1,0,0,0,6291,6291,456,68,github/scientist,57.0,0.0,2.0,0.0,217.0,0.0,0.0,0.0,0.0,0.0,0.0,1.0,66.0,344.0,89.0,121.0,101.0,121.0,1.0,0
presidentbeef/brakeman,1,1,0,1,0,1,1,0,0,6270,6270,678,69,presidentbeef/brakeman,153.0,0.0,2.0,0.0,3790.0,81.0,609.0,690.0,5.0,990.0,995.0,2.0,80.0,506.0,128.0,120.0,114.0,120.0,152.0,1
wpscanteam/wpscan,1,1,0,1,1,1,1,1,1,6221,6221,1062,70,wpscanteam/wpscan,59.0,0.0,2.0,0.0,3150.0,28.0,1321.0,1349.0,4.0,335.0,339.0,5.0,221.0,483.0,118.0,119.0,131.0,119.0,114.0,1
paper-trail-gem/paper_trail,1,1,0,1,1,1,1,1,0,6181,6181,831,71,paper-trail-gem/paper_trail,249.0,0.0,2.0,0.0,2330.0,4.0,676.0,680.0,0.0,684.0,684.0,3.0,495.0,493.0,121.0,118.0,121.0,118.0,136.0,1
ankane/pghero,1,1,0,1,0,1,1,1,0,6151,6151,368,72,ankane/pghero,34.0,0.0,2.0,0.0,1195.0,4.0,317.0,321.0,4.0,83.0,87.0,2.0,84.0,420.0,99.0,117.0,93.0,117.0,93.0,0
venmo/synx,0,1,0,1,0,1,0,1,0,6073,6073,283,73,venmo/synx,19.0,0.0,2.0,0.0,211.0,53.0,47.0,100.0,7.0,38.0,45.0,0.0,45.0,414.0,96.0,116.0,91.0,116.0,91.0,0
guard/guard,1,1,0,1,0,1,1,1,0,6049,6049,500,74,guard/guard,195.0,0.0,2.0,0.0,2444.0,64.0,511.0,575.0,3.0,395.0,398.0,1.0,343.0,456.0,112.0,115.0,104.0,115.0,122.0,1
alexreisner/geocoder,1,1,0,1,1,1,1,0,0,5977,5977,1152,75,alexreisner/geocoder,388.0,0.0,2.0,0.0,2307.0,31.0,842.0,873.0,4.0,664.0,668.0,3.0,286.0,497.0,124.0,114.0,134.0,114.0,135.0,1
progit/progit,0,0,0,0,0,0,1,0,0,5972,5972,2474,76,progit/progit,510.0,0.0,2.0,0.0,4500.0,0.0,0.0,0.0,0.0,771.0,771.0,0.0,13.0,526.0,134.0,113.0,159.0,113.0,141.0,1
bkeepers/dotenv,1,1,0,1,0,1,1,1,0,5968,5968,454,77,bkeepers/dotenv,112.0,27.0,7.0,2.0,610.0,7.0,183.0,190.0,6.0,244.0,250.0,0.0,76.0,430.0,101.0,112.0,100.0,112.0,106.0,1
ankane/chartkick,1,1,0,1,0,0,1,1,0,5896,5896,542,78,ankane/chartkick,28.0,0.0,2.0,0.0,484.0,8.0,483.0,491.0,0.0,95.0,95.0,1.0,179.0,425.0,100.0,111.0,108.0,111.0,95.0,1
freeCodeCamp/how-to-contribute-to-open-source,0,1,0,0,0,1,1,1,0,5893,5893,1296,79,freeCodeCamp/how-to-contribute-to-open-source,216.0,0.0,2.0,0.0,324.0,32.0,130.0,162.0,48.0,446.0,494.0,13.0,146.0,487.0,119.0,110.0,139.0,110.0,128.0,1
norman/friendly_id,0,1,0,1,0,1,1,1,0,5754,5754,583,80,norman/friendly_id,196.0,0.0,2.0,0.0,1592.0,8.0,649.0,657.0,1.0,322.0,323.0,2.0,107.0,439.0,104.0,109.0,110.0,109.0,111.0,1
ankane/searchkick,1,1,0,1,1,1,1,1,1,5749,5749,689,81,ankane/searchkick,118.0,0.0,2.0,0.0,2615.0,8.0,1214.0,1222.0,4.0,321.0,325.0,2.0,869.0,443.0,106.0,108.0,115.0,108.0,112.0,1
kkuchta/css-only-chat,0,1,0,1,0,0,1,1,0,5713,5713,267,82,kkuchta/css-only-chat,6.0,0.0,2.0,0.0,22.0,6.0,14.0,20.0,6.0,11.0,17.0,0.0,9.0,381.0,93.0,107.0,90.0,107.0,77.0,0
mislav/will_paginate,0,0,0,1,0,0,1,0,0,5618,5618,883,83,mislav/will_paginate,73.0,0.0,2.0,0.0,755.0,55.0,373.0,428.0,0.0,198.0,198.0,1.0,14.0,436.0,103.0,106.0,123.0,106.0,101.0,1
ddollar/foreman,1,1,0,1,0,1,1,1,0,5605,5605,614,84,ddollar/foreman,172.0,0.0,2.0,0.0,1106.0,44.0,385.0,429.0,16.0,334.0,350.0,1.0,35.0,439.0,104.0,105.0,113.0,105.0,116.0,1
square/maximum-awesome,0,1,0,1,0,1,1,1,0,5589,5589,993,85,square/maximum-awesome,62.0,0.0,2.0,0.0,242.0,25.0,94.0,119.0,9.0,130.0,139.0,1.0,23.0,432.0,102.0,104.0,128.0,104.0,96.0,1
hanami/hanami,1,1,0,1,1,1,1,1,0,5578,5578,496,86,hanami/hanami,177.0,0.0,2.0,0.0,1761.0,13.0,434.0,447.0,12.0,684.0,696.0,1.0,82.0,446.0,109.0,103.0,103.0,103.0,137.0,1
sj26/mailcatcher,0,1,0,1,1,1,0,0,0,5498,5498,520,87,sj26/mailcatcher,54.0,376.0,15.0,13.0,541.0,19.0,321.0,340.0,13.0,137.0,150.0,2.0,70.0,408.0,95.0,102.0,105.0,102.0,99.0,0
jnunemaker/httparty,1,0,0,1,0,0,1,1,1,5473,5473,931,88,jnunemaker/httparty,241.0,0.0,2.0,0.0,1254.0,30.0,358.0,388.0,10.0,340.0,350.0,0.0,23.0,443.0,106.0,101.0,125.0,101.0,116.0,1
sferik/t,1,1,0,1,1,0,1,0,1,5349,5349,428,89,sferik/t,64.0,0.0,2.0,0.0,1002.0,144.0,155.0,299.0,36.0,113.0,149.0,3.0,137.0,396.0,94.0,100.0,98.0,100.0,98.0,0
opf/openproject,0,1,0,1,0,1,1,1,0,5314,5314,1524,90,opf/openproject,312.0,0.0,2.0,0.0,62331.0,0.0,0.0,0.0,39.0,10236.0,10275.0,0.0,56.0,527.0,135.0,99.0,148.0,99.0,181.0,1
github/markup,0,0,0,1,0,0,1,1,0,5309,5309,3573,91,github/markup,104.0,0.0,2.0,0.0,666.0,155.0,758.0,913.0,26.0,213.0,239.0,6.0,79.0,473.0,115.0,98.0,173.0,98.0,104.0,1
rails/webpacker,1,1,0,1,1,1,1,1,0,5277,5277,1447,92,rails/webpacker,464.0,0.0,2.0,0.0,1528.0,2.0,1865.0,1867.0,1.0,1384.0,1385.0,1.0,239.0,503.0,127.0,97.0,147.0,97.0,162.0,1
vcr/vcr,1,1,0,1,0,1,1,0,0,5249,5249,476,93,vcr/vcr,168.0,0.0,2.0,0.0,2087.0,55.0,453.0,508.0,10.0,368.0,378.0,2.0,189.0,414.0,96.0,96.0,102.0,96.0,120.0,0
thoughtbot/administrate,0,1,0,0,1,1,1,1,0,5244,5244,964,94,thoughtbot/administrate,251.0,0.0,2.0,0.0,1228.0,91.0,727.0,818.0,34.0,1304.0,1338.0,5.0,51.0,477.0,116.0,95.0,127.0,95.0,160.0,1
ruby-concurrency/concurrent-ruby,0,1,0,1,1,1,1,1,0,5228,5228,374,95,ruby-concurrency/concurrent-ruby,156.0,385.0,30.0,173.0,2965.0,80.0,290.0,370.0,0.0,562.0,562.0,1.0,212.0,414.0,96.0,94.0,95.0,94.0,131.0,0
rails-api/rails-api,0,1,0,1,1,1,1,1,0,5207,5207,292,96,rails-api/rails-api,64.0,0.0,2.0,0.0,253.0,11.0,126.0,137.0,2.0,89.0,91.0,3.0,37.0,372.0,91.0,93.0,92.0,93.0,94.0,0
JuanitoFatas/fast-ruby,1,1,0,1,0,1,1,0,1,5176,5176,374,97,JuanitoFatas/fast-ruby,52.0,0.0,2.0,0.0,208.0,34.0,25.0,59.0,39.0,101.0,140.0,2.0,131.0,376.0,92.0,92.0,95.0,92.0,97.0,0
lostisland/faraday,1,1,0,1,1,0,1,1,0,5157,5157,870,98,lostisland/faraday,240.0,0.0,2.0,0.0,1809.0,31.0,566.0,597.0,8.0,761.0,769.0,2.0,132.0,444.0,108.0,91.0,122.0,91.0,140.0,1
rails-api/active_model_serializers,1,1,0,0,1,1,1,1,0,5153,5153,1374,99,rails-api/active_model_serializers,208.0,0.0,2.0,0.0,1481.0,154.0,965.0,1119.0,32.0,1265.0,1297.0,2.0,105.0,480.0,117.0,90.0,143.0,90.0,157.0,1
keithpitt/vendor,0,1,0,1,0,1,1,1,0,99,99,7,198,keithpitt/vendor,5.0,0.0,2.0,0.0,249.0,3.0,11.0,14.0,2.0,5.0,7.0,0.0,51.0,275.0,79.0,89.0,45.0,89.0,52.0,0
oswaldlabs/chef-rundeck,0,1,0,1,0,1,0,1,0,98,98,86,197,oswaldlabs/chef-rundeck,21.0,0.0,2.0,0.0,144.0,15.0,28.0,43.0,3.0,25.0,28.0,1.0,4.0,347.0,90.0,88.0,88.0,88.0,83.0,0
yyuu/capistrano-rbenv,1,1,0,1,1,1,1,1,0,97,97,14,196,yyuu/capistrano-rbenv,4.0,0.0,2.0,0.0,138.0,5.0,2.0,7.0,0.0,8.0,8.0,0.0,12.0,290.0,83.0,87.0,59.0,87.0,57.0,0
iGEL/it,0,1,0,1,0,0,0,1,0,96,96,17,195,iGEL/it,6.0,0.0,2.0,0.0,119.0,5.0,16.0,21.0,1.0,11.0,12.0,0.0,18.0,308.0,85.0,86.0,66.0,86.0,70.0,0
hicknhack-software/rails-disco,0,1,0,1,0,0,1,0,0,95,95,5,194,hicknhack-software/rails-disco,5.0,0.0,2.0,0.0,147.0,9.0,14.0,23.0,0.0,0.0,0.0,3.0,18.0,206.0,56.0,85.0,35.0,85.0,1.0,0
zenkay/simple-spreadsheet,1,1,0,1,0,1,1,0,0,94,94,32,193,zenkay/simple-spreadsheet,9.0,0.0,2.0,0.0,79.0,1.0,11.0,12.0,3.0,14.0,17.0,0.0,19.0,326.0,87.0,84.0,81.0,84.0,77.0,0
fespinoza/checklist_and_guides,1,0,0,0,0,0,0,0,0,93,93,18,192,fespinoza/checklist_and_guides,1.0,0.0,2.0,0.0,7.0,0.0,1.0,1.0,0.0,0.0,0.0,0.0,2.0,236.0,67.0,83.0,69.0,83.0,1.0,0
fluffgfx/dit,0,1,0,1,0,0,0,1,0,92,92,1,191,fluffgfx/dit,2.0,0.0,2.0,0.0,51.0,1.0,8.0,9.0,0.0,0.0,0.0,1.0,10.0,170.0,44.0,82.0,5.0,82.0,1.0,0
lucasas/will_paginate_mongoid,0,1,0,1,0,0,0,0,1,91,91,34,190,lucasas/will_paginate_mongoid,9.0,0.0,2.0,0.0,38.0,3.0,10.0,13.0,1.0,8.0,9.0,0.0,3.0,305.0,84.0,81.0,82.0,81.0,61.0,0
oscar-stack/oscar,0,1,0,1,1,0,0,0,0,90,90,38,189,oscar-stack/oscar,14.0,30.0,3.0,3.0,268.0,19.0,27.0,46.0,0.0,16.0,16.0,0.0,13.0,320.0,86.0,80.0,84.0,80.0,76.0,0
arrigonialberto86/ruby-band,0,1,0,1,0,1,1,0,0,88,88,10,187,arrigonialberto86/ruby-band,2.0,0.0,2.0,0.0,25.0,8.0,3.0,11.0,1.0,4.0,5.0,0.0,5.0,253.0,71.0,79.0,52.0,79.0,43.0,0
amatsuda/interactive_rspec,0,1,0,1,0,0,1,0,0,87,87,8,186,amatsuda/interactive_rspec,3.0,0.0,2.0,0.0,31.0,4.0,0.0,4.0,1.0,3.0,4.0,0.0,5.0,241.0,68.0,78.0,47.0,78.0,38.0,0
procore/handcuffs,0,1,0,1,0,1,0,1,0,86,86,2,185,procore/handcuffs,12.0,0.0,2.0,0.0,54.0,3.0,3.0,6.0,5.0,33.0,38.0,0.0,8.0,254.0,73.0,77.0,13.0,77.0,87.0,0
georgi/shinmun,0,1,0,1,0,0,1,0,0,85,85,11,184,georgi/shinmun,3.0,0.0,2.0,0.0,149.0,1.0,0.0,1.0,0.0,0.0,0.0,0.0,23.0,207.0,57.0,76.0,54.0,76.0,1.0,0
dennisreimann/masq,0,1,0,1,0,1,1,0,0,84,84,21,183,dennisreimann/masq,7.0,0.0,2.0,0.0,74.0,5.0,5.0,10.0,1.0,7.0,8.0,0.0,11.0,281.0,81.0,75.0,74.0,75.0,57.0,0
choonkeat/active_params,0,0,0,1,0,1,1,0,0,82,82,3,181,choonkeat/active_params,1.0,0.0,2.0,0.0,8.0,0.0,3.0,3.0,0.0,1.0,1.0,0.0,4.0,188.0,52.0,74.0,19.0,74.0,21.0,0
ccallebs/pokey,0,1,0,1,0,0,0,1,0,81,81,2,180,ccallebs/pokey,2.0,0.0,2.0,0.0,25.0,4.0,6.0,10.0,0.0,1.0,1.0,0.0,11.0,180.0,48.0,73.0,13.0,73.0,21.0,0
17Q4MX2hmktmpuUKHFuoRmS5MfB5XPbhod/dropzone_ruby,0,1,0,1,1,0,0,0,0,80,80,18,179,17Q4MX2hmktmpuUKHFuoRmS5MfB5XPbhod/dropzone_ruby,12.0,0.0,2.0,0.0,53.0,1.0,18.0,19.0,0.0,11.0,11.0,1.0,8.0,280.0,80.0,72.0,69.0,72.0,67.0,0
sethherr/grape-doorkeeper,1,1,0,1,0,0,1,0,0,78,78,26,177,sethherr/grape-doorkeeper,1.0,0.0,2.0,0.0,27.0,0.0,4.0,4.0,1.0,3.0,4.0,0.0,6.0,257.0,75.0,71.0,77.0,71.0,38.0,0
hanami/helpers,1,1,0,1,1,1,1,1,1,77,77,50,176,hanami/helpers,42.0,0.0,2.0,0.0,410.0,0.0,43.0,43.0,1.0,155.0,156.0,0.0,23.0,327.0,88.0,70.0,87.0,70.0,100.0,0
jalcine/cmake.vim,1,1,0,1,0,1,1,0,1,76,76,11,175,jalcine/cmake.vim,11.0,0.0,2.0,0.0,530.0,0.0,36.0,36.0,0.0,22.0,22.0,2.0,19.0,273.0,78.0,69.0,54.0,69.0,81.0,0
r7kamura/json_world,1,0,0,1,0,0,0,0,0,75,75,6,174,r7kamura/json_world,5.0,0.0,2.0,0.0,69.0,0.0,0.0,0.0,0.0,4.0,4.0,0.0,9.0,214.0,59.0,68.0,40.0,68.0,38.0,0
carsonmcdonald/ios-ruby-embedded,1,1,0,1,0,1,1,0,0,74,74,17,173,carsonmcdonald/ios-ruby-embedded,5.0,0.0,2.0,0.0,151.0,5.0,3.0,8.0,0.0,5.0,5.0,0.0,9.0,243.0,69.0,67.0,66.0,67.0,43.0,0
zeisler/active_enumerable,0,1,0,1,0,1,0,1,0,73,73,0,172,zeisler/active_enumerable,1.0,0.0,2.0,0.0,26.0,0.0,0.0,0.0,0.0,0.0,0.0,0.0,13.0,134.0,26.0,66.0,1.0,66.0,1.0,0
rstacruz/sinatra-backbone,0,0,0,1,0,1,1,0,0,72,72,10,171,rstacruz/sinatra-backbone,7.0,0.0,2.0,0.0,36.0,4.0,2.0,6.0,1.0,5.0,6.0,0.0,6.0,230.0,65.0,65.0,52.0,65.0,48.0,0
noahgibbs/madscience,0,1,0,1,0,0,1,0,0,71,71,2,170,noahgibbs/madscience,4.0,0.0,2.0,0.0,181.0,1.0,20.0,21.0,0.0,1.0,1.0,0.0,16.0,162.0,42.0,64.0,13.0,64.0,21.0,0
pandurang90/feature_flags,0,1,0,1,1,0,0,1,0,70,70,4,169,pandurang90/feature_flags,2.0,0.0,2.0,0.0,95.0,0.0,2.0,2.0,0.0,1.0,1.0,0.0,21.0,175.0,46.0,63.0,28.0,63.0,21.0,0
openfootball/quick-starter,0,1,0,1,0,1,0,0,0,69,69,36,168,openfootball/quick-starter,2.0,0.0,2.0,0.0,37.0,0.0,0.0,0.0,0.0,0.0,0.0,0.0,12.0,208.0,58.0,62.0,83.0,62.0,1.0,0
dergachev/redmine_git_remote,0,0,0,1,0,0,0,0,0,68,68,41,167,dergachev/redmine_git_remote,6.0,0.0,2.0,0.0,33.0,20.0,22.0,42.0,5.0,3.0,8.0,2.0,14.0,265.0,76.0,61.0,86.0,61.0,57.0,0
FeipingHunag/ember-todo,0,0,0,1,1,0,0,0,0,66,66,8,165,FeipingHunag/ember-todo,4.0,0.0,2.0,0.0,21.0,0.0,2.0,2.0,0.0,2.0,2.0,0.0,4.0,200.0,55.0,60.0,47.0,60.0,33.0,0
gshaw/concise_logging,0,1,0,1,0,0,0,1,0,65,65,16,164,gshaw/concise_logging,4.0,0.0,2.0,0.0,18.0,0.0,4.0,4.0,1.0,4.0,5.0,0.0,5.0,225.0,63.0,59.0,64.0,59.0,43.0,0
dominiek/kakuteru,0,1,0,0,0,0,1,0,0,64,64,4,163,dominiek/kakuteru,1.0,0.0,2.0,0.0,44.0,1.0,0.0,1.0,0.0,0.0,0.0,0.0,10.0,145.0,34.0,58.0,28.0,58.0,1.0,0
solarkennedy/sensu-training,0,1,0,0,1,0,0,0,0,63,63,30,162,solarkennedy/sensu-training,2.0,0.0,2.0,0.0,121.0,2.0,1.0,3.0,0.0,1.0,1.0,1.0,3.0,215.0,60.0,57.0,80.0,57.0,21.0,0
ruby-rbot/rbot,0,1,0,0,0,0,1,0,0,62,62,17,161,ruby-rbot/rbot,48.0,0.0,2.0,0.0,2772.0,31.0,25.0,56.0,1.0,14.0,15.0,0.0,5.0,253.0,71.0,56.0,66.0,56.0,75.0,0
solyarisoftware/dialogs,0,1,0,1,1,1,1,0,0,61,61,1,160,solyarisoftware/dialogs,1.0,0.0,2.0,0.0,17.0,0.0,0.0,0.0,0.0,0.0,0.0,0.0,16.0,116.0,21.0,55.0,5.0,55.0,1.0,0
belighted/bennett,0,1,0,1,0,1,1,0,1,60,60,15,159,belighted/bennett,14.0,0.0,2.0,0.0,170.0,18.0,22.0,40.0,1.0,16.0,17.0,0.0,12.0,246.0,70.0,54.0,61.0,54.0,77.0,0
jedld/brains-jruby,0,1,0,1,0,1,1,1,0,59,59,2,158,jedld/brains-jruby,1.0,0.0,2.0,0.0,23.0,0.0,0.0,0.0,0.0,0.0,0.0,0.0,10.0,120.0,22.0,53.0,13.0,53.0,1.0,0
xijo/letsencrypt_heroku,0,1,0,1,1,0,1,1,0,58,58,3,157,xijo/letsencrypt_heroku,6.0,0.0,2.0,0.0,53.0,1.0,0.0,1.0,0.0,9.0,9.0,0.0,11.0,184.0,49.0,52.0,19.0,52.0,61.0,0
evilmartians/liquor,1,1,0,1,1,1,1,1,0,57,57,6,156,evilmartians/liquor,4.0,0.0,2.0,0.0,251.0,3.0,0.0,3.0,0.0,5.0,5.0,0.0,4.0,185.0,50.0,51.0,40.0,51.0,43.0,0
zestia/hubrelease,1,0,0,1,1,1,0,1,1,56,56,0,155,zestia/hubrelease,2.0,0.0,2.0,0.0,89.0,0.0,11.0,11.0,0.0,14.0,14.0,1.0,16.0,174.0,45.0,50.0,1.0,50.0,73.0,0
chleggett/homebrew-gqrx,0,1,0,1,0,0,0,0,0,55,55,5,154,chleggett/homebrew-gqrx,1.0,0.0,2.0,0.0,20.0,4.0,9.0,13.0,0.0,0.0,0.0,1.0,11.0,134.0,26.0,49.0,35.0,49.0,1.0,0
cloudfoundry-attic/bosh-notes,0,0,0,1,0,0,1,0,0,54,54,23,153,cloudfoundry-attic/bosh-notes,31.0,0.0,2.0,0.0,408.0,5.0,15.0,20.0,4.0,26.0,30.0,0.0,22.0,256.0,74.0,48.0,76.0,48.0,84.0,0
artofhuman/activeadmin_settings_cached,0,1,0,1,0,0,1,1,1,53,53,40,152,artofhuman/activeadmin_settings_cached,13.0,0.0,2.0,0.0,138.0,0.0,20.0,20.0,0.0,37.0,37.0,0.0,31.0,265.0,76.0,47.0,85.0,47.0,86.0,0
codeship/dns_deploy,0,0,0,1,0,0,0,1,0,52,52,7,151,codeship/dns_deploy,2.0,0.0,2.0,0.0,16.0,0.0,0.0,0.0,0.0,1.0,1.0,0.0,3.0,158.0,38.0,46.0,45.0,46.0,21.0,0
voxpupuli/puppet-selinux,0,1,0,1,0,1,1,0,0,51,51,145,150,voxpupuli/puppet-selinux,96.0,0.0,2.0,0.0,635.0,10.0,90.0,100.0,3.0,249.0,252.0,4.0,30.0,286.0,82.0,45.0,89.0,45.0,107.0,0
contently/action_mailer_matchers,0,0,0,1,0,0,0,1,0,50,50,4,149,contently/action_mailer_matchers,3.0,0.0,2.0,0.0,12.0,1.0,2.0,3.0,0.0,5.0,5.0,0.0,4.0,159.0,40.0,44.0,28.0,44.0,43.0,0
cesarferreira/react-native-logcat,0,1,0,1,0,0,0,1,0,48,48,3,147,cesarferreira/react-native-logcat,2.0,0.0,2.0,0.0,16.0,0.0,1.0,1.0,0.0,2.0,2.0,0.0,4.0,138.0,31.0,43.0,19.0,43.0,33.0,0
railsware/skypekit,0,0,0,1,0,1,1,0,0,47,47,3,146,railsware/skypekit,1.0,0.0,2.0,0.0,3.0,0.0,3.0,3.0,1.0,0.0,1.0,0.0,1.0,124.0,23.0,42.0,19.0,42.0,21.0,0
kevinwuhoo/ui-styleguides,0,1,0,0,0,0,1,0,0,46,46,9,145,kevinwuhoo/ui-styleguides,4.0,0.0,2.0,0.0,27.0,1.0,1.0,2.0,5.0,6.0,11.0,0.0,7.0,199.0,54.0,41.0,50.0,41.0,67.0,0
tomdalling/rschema,0,1,0,1,0,0,1,0,0,45,45,1,144,tomdalling/rschema,5.0,0.0,2.0,0.0,218.0,1.0,7.0,8.0,0.0,9.0,9.0,0.0,11.0,146.0,35.0,40.0,5.0,40.0,61.0,0
himynameisjonas/heroku-deployer,0,0,0,1,0,1,1,0,0,44,44,13,143,himynameisjonas/heroku-deployer,7.0,0.0,2.0,0.0,46.0,0.0,4.0,4.0,1.0,6.0,7.0,0.0,16.0,188.0,52.0,39.0,58.0,39.0,52.0,0
amcoder/curse_client,1,1,0,1,1,1,1,1,0,42,42,4,141,amcoder/curse_client,2.0,0.0,2.0,0.0,10.0,7.0,6.0,13.0,0.0,1.0,1.0,0.0,2.0,125.0,24.0,38.0,28.0,38.0,21.0,0
danott/webpack_rails,0,0,1,0,0,0,0,0,0,41,41,5,140,danott/webpack_rails,4.0,0.0,2.0,0.0,32.0,0.0,9.0,9.0,0.0,4.0,4.0,5.0,13.0,147.0,36.0,37.0,35.0,37.0,38.0,0
mariopeixoto/react-bootstrap-rails,0,1,0,1,0,1,0,1,0,40,40,28,139,mariopeixoto/react-bootstrap-rails,7.0,0.0,2.0,0.0,23.0,1.0,4.0,5.0,2.0,9.0,11.0,0.0,12.0,217.0,62.0,36.0,78.0,36.0,67.0,0
ahelal/kitchen-ansiblepush,0,1,0,1,1,0,1,0,0,39,39,21,138,ahelal/kitchen-ansiblepush,16.0,0.0,2.0,0.0,208.0,2.0,20.0,22.0,2.0,41.0,43.0,0.0,36.0,234.0,66.0,35.0,74.0,35.0,90.0,0
mwpastore/dalli-rate_limiter,0,1,0,1,0,1,1,1,0,38,38,4,137,mwpastore/dalli-rate_limiter,2.0,0.0,2.0,0.0,26.0,0.0,0.0,0.0,0.0,4.0,4.0,0.0,15.0,134.0,26.0,34.0,28.0,34.0,38.0,0
dtorres/cocoapods-prune-localizations,0,0,0,1,0,0,1,0,0,37,37,4,136,dtorres/cocoapods-prune-localizations,2.0,10.0,3.0,2.0,28.0,3.0,7.0,10.0,0.0,1.0,1.0,1.0,7.0,115.0,19.0,33.0,28.0,33.0,21.0,0
Kalvar/MLDeltaLearning,0,1,0,1,1,1,0,0,0,36,36,3,135,Kalvar/MLDeltaLearning,2.0,0.0,2.0,0.0,28.0,0.0,0.0,0.0,0.0,1.0,1.0,0.0,9.0,104.0,17.0,32.0,19.0,32.0,21.0,0
tokyorails/tokyorails,0,1,0,1,0,0,1,1,0,35,35,20,134,tokyorails/tokyorails,14.0,0.0,2.0,0.0,289.0,0.0,9.0,9.0,14.0,39.0,53.0,0.0,14.0,226.0,64.0,31.0,72.0,31.0,92.0,0
r7kamura/activerecord-belongs_to_if,0,1,0,1,0,0,0,0,0,34,34,6,133,r7kamura/activerecord-belongs_to_if,4.0,0.0,2.0,0.0,19.0,0.0,0.0,0.0,0.0,3.0,3.0,0.0,5.0,135.0,30.0,30.0,40.0,30.0,35.0,0
hitode909/bgm,1,0,0,1,0,0,0,0,0,33,33,6,132,hitode909/bgm,3.0,0.0,2.0,0.0,12.0,0.0,0.0,0.0,0.0,3.0,3.0,0.0,4.0,133.0,25.0,29.0,40.0,29.0,35.0,0
SudhagarS/pry-state,0,0,0,1,1,0,0,1,0,32,32,11,131,SudhagarS/pry-state,8.0,0.0,2.0,0.0,41.0,3.0,7.0,10.0,2.0,4.0,6.0,0.0,9.0,158.0,38.0,28.0,54.0,28.0,48.0,0
SophieDeBenedetto/catbook-api,0,1,0,1,0,0,0,0,0,31,31,20,130,SophieDeBenedetto/catbook-api,1.0,0.0,2.0,0.0,7.0,0.0,0.0,0.0,1.0,0.0,1.0,0.0,3.0,147.0,36.0,27.0,72.0,27.0,21.0,0
sawyerh/jekyll-boilerplate,0,0,0,1,0,0,0,0,0,30,30,1,129,sawyerh/jekyll-boilerplate,2.0,0.0,2.0,0.0,35.0,1.0,1.0,2.0,0.0,0.0,0.0,0.0,14.0,58.0,7.0,26.0,5.0,26.0,1.0,0
18F/about_yml,0,1,0,1,0,1,0,0,0,29,29,9,128,18F/about_yml,15.0,0.0,2.0,0.0,94.0,27.0,28.0,55.0,2.0,31.0,33.0,0.0,16.0,185.0,50.0,25.0,50.0,25.0,85.0,0
ljkbennett/stub_env,0,0,0,1,0,0,0,0,0,28,28,5,127,ljkbennett/stub_env,3.0,0.0,2.0,0.0,29.0,1.0,2.0,3.0,2.0,7.0,9.0,0.0,6.0,144.0,33.0,24.0,35.0,24.0,61.0,0
alemohamad/wicked-cool-ruby-scripts,0,1,0,0,0,0,0,0,0,27,27,8,126,alemohamad/wicked-cool-ruby-scripts,2.0,0.0,2.0,0.0,2.0,0.0,0.0,0.0,0.0,0.0,0.0,0.0,1.0,94.0,14.0,23.0,47.0,23.0,1.0,0
franckverrot/mruby-r,1,1,0,1,0,1,0,0,0,26,26,0,125,franckverrot/mruby-r,1.0,0.0,2.0,0.0,22.0,0.0,0.0,0.0,0.0,0.0,0.0,0.0,10.0,46.0,4.0,22.0,1.0,22.0,1.0,0
jakubgarfield/invoicing,0,1,0,1,0,0,1,0,0,25,25,6,124,jakubgarfield/invoicing,1.0,0.0,2.0,0.0,51.0,0.0,0.0,0.0,4.0,3.0,7.0,0.0,5.0,134.0,26.0,21.0,40.0,21.0,52.0,0
Hawatel/rails5-api-starter,1,1,0,1,1,1,1,0,0,24,24,18,123,Hawatel/rails5-api-starter,2.0,0.0,2.0,0.0,17.0,0.0,2.0,2.0,1.0,9.0,10.0,0.0,5.0,175.0,46.0,20.0,69.0,20.0,66.0,0
soveran/hart,0,1,0,1,0,0,1,0,0,23,23,0,122,soveran/hart,3.0,0.0,2.0,0.0,8.0,0.0,0.0,0.0,0.0,3.0,3.0,0.0,3.0,74.0,11.0,19.0,1.0,19.0,35.0,0
zekitow/rails-api-and-angularjs,1,1,0,1,0,0,1,0,0,22,22,3,121,zekitow/rails-api-and-angularjs,1.0,0.0,2.0,0.0,3.0,0.0,0.0,0.0,0.0,0.0,0.0,0.0,2.0,56.0,5.0,18.0,19.0,18.0,1.0,0
NETWAYS/check_logstash,0,1,0,1,1,0,1,0,0,20,20,11,119,NETWAYS/check_logstash,8.0,0.0,2.0,0.0,52.0,10.0,19.0,29.0,3.0,11.0,14.0,4.0,14.0,161.0,41.0,17.0,54.0,17.0,73.0,0
kt97679/one-ssh,0,1,0,1,1,0,0,0,0,19,19,3,118,kt97679/one-ssh,5.0,3.0,1.0,10.0,148.0,0.0,6.0,6.0,0.0,6.0,6.0,0.0,27.0,99.0,15.0,16.0,19.0,16.0,48.0,0
MaG21/curry,0,1,0,1,0,1,1,0,0,18,18,15,117,MaG21/curry,5.0,0.0,2.0,0.0,108.0,0.0,10.0,10.0,0.0,7.0,7.0,0.0,24.0,143.0,32.0,15.0,61.0,15.0,52.0,0
slashrocket/reactif,0,1,0,1,0,0,0,0,0,17,17,5,116,slashrocket/reactif,8.0,0.0,2.0,0.0,145.0,9.0,5.0,14.0,0.0,7.0,7.0,0.0,9.0,115.0,19.0,14.0,35.0,14.0,52.0,0
ppworks/hello-esa,1,0,0,1,0,1,1,0,0,16,16,2,115,ppworks/hello-esa,3.0,0.0,2.0,0.0,31.0,0.0,0.0,0.0,0.0,9.0,9.0,0.0,6.0,100.0,16.0,13.0,13.0,13.0,61.0,0
nasa42/libs.rs,0,1,0,1,0,0,1,0,0,15,15,14,114,nasa42/libs.rs,19.0,0.0,2.0,0.0,86.0,4.0,5.0,9.0,3.0,21.0,24.0,0.0,9.0,165.0,43.0,12.0,59.0,12.0,82.0,0
Nanomancer/sonic-pi-projects,0,1,0,0,0,0,0,0,0,14,14,2,113,Nanomancer/sonic-pi-projects,2.0,0.0,2.0,0.0,150.0,0.0,0.0,0.0,0.0,1.0,1.0,0.0,3.0,56.0,5.0,11.0,13.0,11.0,21.0,0
vlad-shatskyi/ansi-select,0,0,0,1,0,0,0,0,0,13,13,1,112,vlad-shatskyi/ansi-select,1.0,0.0,2.0,0.0,49.0,1.0,0.0,1.0,0.0,0.0,0.0,0.0,14.0,26.0,2.0,10.0,5.0,10.0,1.0,0
onmomo/fluentd-gelf-docker,0,0,0,1,0,0,1,0,0,12,12,3,111,onmomo/fluentd-gelf-docker,1.0,0.0,2.0,0.0,20.0,0.0,2.0,2.0,0.0,0.0,0.0,0.0,11.0,38.0,3.0,9.0,19.0,9.0,1.0,0
bradenwright/kitchen-lxd_cli,1,1,0,1,1,1,1,1,1,11,11,3,110,bradenwright/kitchen-lxd_cli,5.0,0.0,2.0,0.0,22.0,8.0,6.0,14.0,0.0,6.0,6.0,0.0,12.0,83.0,12.0,8.0,19.0,8.0,48.0,0
gocd/functional-tests,0,0,0,1,1,1,1,1,0,10,10,28,109,gocd/functional-tests,28.0,0.0,2.0,0.0,886.0,2.0,6.0,8.0,0.0,403.0,403.0,0.0,12.0,215.0,60.0,7.0,78.0,7.0,123.0,0
arturictus/hash_map,1,1,0,1,0,1,0,1,0,9,9,4,108,arturictus/hash_map,6.0,0.0,2.0,0.0,98.0,8.0,11.0,19.0,0.0,13.0,13.0,0.0,24.0,112.0,18.0,6.0,28.0,6.0,72.0,0
octonion/boxing,0,1,0,0,0,0,0,0,0,8,8,1,107,octonion/boxing,1.0,0.0,2.0,0.0,8.0,1.0,0.0,1.0,0.0,0.0,0.0,0.0,1.0,16.0,1.0,5.0,5.0,5.0,1.0,0
raimondasv/pronto-rails_schema,0,1,0,0,0,0,0,0,0,7,7,15,106,raimondasv/pronto-rails_schema,6.0,0.0,2.0,0.0,30.0,0.0,0.0,0.0,0.0,0.0,0.0,0.0,3.0,70.0,9.0,4.0,61.0,4.0,1.0,0
danielwestendorf/engineering-app,0,1,0,1,0,1,0,0,0,6,6,16,105,danielwestendorf/engineering-app,2.0,0.0,2.0,0.0,28.0,0.0,0.0,0.0,0.0,0.0,0.0,0.0,5.0,71.0,10.0,3.0,64.0,3.0,1.0,0
ruby-nord/ruby-nord.github.io,1,1,0,1,0,1,1,1,0,5,5,1,104,ruby-nord/ruby-nord.github.io,6.0,0.0,2.0,0.0,69.0,0.0,2.0,2.0,1.0,17.0,18.0,0.0,6.0,89.0,13.0,2.0,5.0,2.0,80.0,0
rackspace-cookbooks/chatops_notify,1,1,0,1,0,1,1,1,0,4,4,1,103,rackspace-cookbooks/chatops_notify,6.0,0.0,2.0,0.0,27.0,1.0,0.0,1.0,0.0,8.0,8.0,0.0,8.0,64.0,8.0,1.0,5.0,1.0,57.0,0
